<?xml version="1.0" encoding="utf-8"?>
<install version="1.5" type="plugin" method="upgrade" group="search">
	<name>Search - EasyTables</name>
	<author>Craig Phillips</author>
	<creationDate>May 2010</creationDate>
	<copyright>Copyright (C) 2005 - 2010 Open Source Matters. All rights reserved.</copyright>
	<license>http://www.gnu.org/licenses/gpl-2.0.html GNU/GPL</license>
	<authorEmail>support@seepeoplesoftware.com</authorEmail>
	<authorUrl>http://seepeoplesoftware.com</authorUrl>
	<version>0.5</version>
	<description>ALLOWS_SEARCHING_OF_EASYTABLE_PRO_TABLES_</description>
	<files>
		<filename plugin="easytables">easytables.php</filename>
	</files>
	<languages>
		<language tag="en-GB">language/admin/en-GB/en-GB.plg_search_easytables.ini</language>
	</languages>
	<params>
		<param name="search_limit" type="text" size="5" default="50" label="SEARCH_LIMIT" description="NUMBER_OF_SEARCH_ITEMS_TO_RETURN"/>
	</params>
</install>
