<?xml version="1.0" encoding="UTF-8"?>
<extension type="library" version="2.5" method="upgrade">
    <name>FOF</name>
	<libraryname>fof</libraryname>
	<description>Framework-on-Framework (FOF) - A rapid component development framework for Joomla!</description>
	<creationDate>2013-12-13 16:04:25</creationDate>
	<author>Nicholas K. Dionysopoulos / Akeeba Ltd</author>
	<authorEmail>nicholas@akeebabackup.com</authorEmail>
	<authorUrl>https://www.akeebabackup.com</authorUrl>
	<copyright>(C)2011-2013 Nicholas K. Dionysopoulos</copyright>
	<license>GNU GPLv2 or later</license>
	<version>2.1.1</version>
	<packager>Akeeba Ltd</packager>
	<packagerurl>https://www.AkeebaBackup.com/download.html</packagerurl>
	
	<files folder="fof">
        <folder>autoloader</folder>
        <folder>config</folder>
        <folder>controller</folder>
        <folder>dispatcher</folder>
        <folder>encrypt</folder>
        <folder>form</folder>
        <folder>hal</folder>
        <folder>inflector</folder>
        <folder>input</folder>
        <folder>layout</folder>
        <folder>less</folder>
        <folder>model</folder>
        <folder>platform</folder>
        <folder>query</folder>
        <folder>render</folder>
        <folder>string</folder>
        <folder>table</folder>
        <folder>template</folder>
        <folder>toolbar</folder>
        <folder>utils</folder>
        <folder>view</folder>

		<file>LICENSE.txt</file>
		<file>include.php</file>
		<file>index.html</file>
		<file>version.txt</file>
	</files>
</extension>